Calculadora Calorias,,,,,,Calculadora Almoços,,,,,,,,,,,,,,,,,,,,,,,,SOPA,,,,
Nome do alimento,Kcal,Proteina,Hidratos,Gordura,,Proteina 1/2,Kcal,Proteina,Hidratos,Gordura,,Hidratos,Kcal,Proteina,Hidratos,Gordura,,Legumes,Kcal,Proteina,Hidratos,Gordura,,Outro,Kcal,Proteina,Hidratos,Gordura,,Nome do alimento,Kcal,Proteina,Hidratos,Gordura
,,,,,,,,,,,,,,,,,,,,,,,,,,,,,,,,,,
Nada,"0,00 Kcal","0,00 Kcal","0,00 Kcal","0,00 Kcal",,,,,,,,,,,,,,,,,,,,,,,,,,,,,,
almoço (un.),#N/A,#N/A,#N/A,#N/A,,,,,,,,,,,,,,,,,,,,,,,,,,,,,,
jantar (un.),#N/A,#N/A,#N/A,#N/A,,,,,,,,,,,,,,,,,,,,,,,,,,,,,,
sopa (un.),"0,00 Kcal","0,00 Kcal","0,00 Kcal","0,00 Kcal",,,,,,,,,,,,,,,,,,,,,,,,,,,,,,
café expresso (un.),"5,00 Kcal","0,00 Kcal","0,00 Kcal","0,00 Kcal",,,,,,,,,,,,,,,,,,,,,,,,,,,,,,
personalizado (un.),"182,00 Kcal","12,00 Kcal","15,30 Kcal","8,10 Kcal",,,,,,,,,,,,,,,,,,,,,,,,,,,,,,
personalizado 2 (un.),"467,00 Kcal","5,70 Kcal","72,50 Kcal","16,70 Kcal",,,,,,,,,,,,,,,,,,,,,,,,,,,,,,
amendoins Mercadona (g),"595,00 Kcal","24,90 Kcal","10,00 Kcal","48,00 Kcal",,,,,,,,,,,,,,,,,,,,,,,,,,,,,,
ananas (g),"47,00 Kcal","0,50 Kcal","9,50 Kcal","0,20 Kcal",,,,,,,,,,,,,,,,,,,,,,,,,,,,,,
aveia finos continente (g),"366,00 Kcal","13,00 Kcal","56,00 Kcal","7,80 Kcal",,,,,,,,,,,,,,,,,,,,,,,,,,,,,,
Aveia lidl (g),"372,00 Kcal","12,60 Kcal","59,60 Kcal","6,80 Kcal",,,,,,,,,,,,,,,,,,,,,,,,,,,,,,
Azeite (g),"899,00 Kcal","0,00 Kcal","0,00 Kcal","99,90 Kcal",,,,,,,,,,,,,,,,,,,,,,,,,,,,,,
Babybel (un.),"41,60 Kcal","5,00 Kcal","0,02 Kcal","2,40 Kcal",,,,,,,,,,,,,,,,,,,,,,,,,,,,,,
Banana (g),"104,00 Kcal","1,60 Kcal","21,80 Kcal","0,40 Kcal",,,,,,,,,,,,,,,,,,,,,,,,,,,,,,
barra (g),"495,00 Kcal","11,00 Kcal","8,00 Kcal","10,00 Kcal",,,,,,,,,,,,,,,,,,,,,,,,,,,,,,
barriga alteza frutos vermelhos (un.),"87,00 Kcal","1,30 Kcal","14,00 Kcal","2,50 Kcal",,,,,,,,,,,,,,,,,,,,,,,,,,,,,,
Barrita proteina Aldi (un.),"170,00 Kcal","25,00 Kcal","12,00 Kcal","4,10 Kcal",,,,,,,,,,,,,,,,,,,,,,,,,,,,,,
Barrita proteina choc. branco lidl (un.),"166,00 Kcal","22,50 Kcal","12,00 Kcal","4,80 Kcal",,,,,,,,,,,,,,,,,,,,,,,,,,,,,,
Barrita proteina stracciatela lidl (un.),"169,00 Kcal","22,50 Kcal","12,90 Kcal","5,00 Kcal",,,,,,,,,,,,,,,,,,,,,,,,,,,,,,
Barrita proteina way up choc. (un.),"176,00 Kcal","25,00 Kcal","10,00 Kcal","5,50 Kcal",,,,,,,,,,,,,,,,,,,,,,,,,,,,,,
bebida proteína lidl baunilha (un.),"219,12 Kcal","34,86 Kcal","18,26 Kcal","66,00 Kcal",,,,,,,,,,,,,,,,,,,,,,,,,,,,,,
bolacha coffeejoy (g),"488,00 Kcal","6,80 Kcal","71,10 Kcal","19,70 Kcal",,,,,,,,,,,,,,,,,,,,,,,,,,,,,,
bolacha duriense (g),"426,60 Kcal","6,40 Kcal","73,70 Kcal","11,20 Kcal",,,,,,,,,,,,,,,,,,,,,,,,,,,,,,
Bolacha maria continente (g),"436,00 Kcal","7,00 Kcal","78,00 Kcal","10,00 Kcal",,,,,,,,,,,,,,,,,,,,,,,,,,,,,,
bolachas aveia triunfo (g),"463,00 Kcal","7,40 Kcal","70,00 Kcal","16,00 Kcal",,,,,,,,,,,,,,,,,,,,,,,,,,,,,,
bolachas belgas cobertas (un.),"54,00 Kcal","0,70 Kcal","7,50 Kcal","2,30 Kcal",,,,,,,,,,,,,,,,,,,,,,,,,,,,,,
Bolachas cacau continente equilibrio (un.),"169,00 Kcal","2,90 Kcal","24,10 Kcal","6,80 Kcal",,,,,,,,,,,,,,,,,,,,,,,,,,,,,,
Bolachas cereais e leite (un.),"217,00 Kcal","4,20 Kcal","35,50 Kcal","6,00 Kcal",,,,,,,,,,,,,,,,,,,,,,,,,,,,,,
bolachas proteicas chocolate e caramelo (un.),"86,94 Kcal","5,04 Kcal","3,19 Kcal","5,47 Kcal",,,,,,,,,,,,,,,,,,,,,,,,,,,,,,
bolo de chocolate continente (g),"398,00 Kcal","4,90 Kcal","45,00 Kcal","21,00 Kcal",,,,,,,,,,,,,,,,,,,,,,,,,,,,,,
bolo de laranja continente (g),"369,00 Kcal","4,80 Kcal","43,00 Kcal","18,00 Kcal",,,,,,,,,,,,,,,,,,,,,,,,,,,,,,
Café chavena (un.),"5,00 Kcal","0,00 Kcal","1,00 Kcal","0,00 Kcal",,,,,,,,,,,,,,,,,,,,,,,,,,,,,,
Café e cereais solúvel continente (g),"338,00 Kcal","10,00 Kcal","68,00 Kcal","0,00 Kcal",,,,,,,,,,,,,,,,,,,,,,,,,,,,,,
Café soluvel mercadona (g),"306,00 Kcal","21,00 Kcal","42,00 Kcal","0,00 Kcal",,,,,,,,,,,,,,,,,,,,,,,,,,,,,,
canela em po (g),"315,00 Kcal","3,90 Kcal","55,50 Kcal","3,20 Kcal",,,,,,,,,,,,,,,,,,,,,,,,,,,,,,
cereais aveia crunchy (g),"390,00 Kcal","13,00 Kcal","66,00 Kcal","5,80 Kcal",,,,,,,,,,,,,,,,,,,,,,,,,,,,,,
Cereais cacau Mercadona (g),"393,00 Kcal","13,00 Kcal","65,00 Kcal","6,40 Kcal",,,,,,,,,,,,,,,,,,,,,,,,,,,,,,
cereais com café Lidl (g),"351,00 Kcal","9,00 Kcal","73,00 Kcal","0,30 Kcal",,,,,,,,,,,,,,,,,,,,,,,,,,,,,,
cereais e café mercadona (g),"351,00 Kcal","9,00 Kcal","73,00 Kcal","0,30 Kcal",,,,,,,,,,,,,,,,,,,,,,,,,,,,,,
cereais nesquick (g),"369,00 Kcal","8,40 Kcal","75,80 Kcal","1,70 Kcal",,,,,,,,,,,,,,,,,,,,,,,,,,,,,,
cheeseburger bk (un.),"285,00 Kcal","15,00 Kcal","28,00 Kcal","12,00 Kcal",,,,,,,,,,,,,,,,,,,,,,,,,,,,,,
cheeseburger un.,"306,00 Kcal","16,00 Kcal","30,00 Kcal","13,00 Kcal",,,,,,,,,,,,,,,,,,,,,,,,,,,,,,
Chiclete mercadona (un.),"2,13 Kcal","0,00 Kcal","0,89 Kcal","0,00 Kcal",,,,,,,,,,,,,,,,,,,,,,,,,,,,,,
chocolate 0 açúcar Mercadona (g),"465,00 Kcal","9,00 Kcal","47,00 Kcal","31,00 Kcal",,,,,,,,,,,,,,,,,,,,,,,,,,,,,,
chocolate de leite com amêndoas picadas alteza (g),"552,00 Kcal","10,00 Kcal","48,00 Kcal","35,00 Kcal",,,,,,,,,,,,,,,,,,,,,,,,,,,,,,
chocolate do Dubai Lidl (g),"531,00 Kcal","11,60 Kcal","51,70 Kcal","30,00 Kcal",,,,,,,,,,,,,,,,,,,,,,,,,,,,,,
chocolate fin carré (g),"534,00 Kcal","7,00 Kcal","57,70 Kcal","30,20 Kcal",,,,,,,,,,,,,,,,,,,,,,,,,,,,,,
Chocolate fin carré 0 açúcar (g),"498,00 Kcal","5,40 Kcal","52,40 Kcal","35,70 Kcal",,,,,,,,,,,,,,,,,,,,,,,,,,,,,,
chocolate negro e amendoas alteza (g),"551,00 Kcal","8,70 Kcal","41,00 Kcal","37,00 Kcal",,,,,,,,,,,,,,,,,,,,,,,,,,,,,,
Clara de ovo (g),"47,00 Kcal","11,00 Kcal","0,00 Kcal","0,30 Kcal",,,,,,,,,,,,,,,,,,,,,,,,,,,,,,
compota 0 morango casa Mateus (g),"42,00 Kcal","1,00 Kcal","10,00 Kcal",,,,,,,,,,,,,,,,,,,,,,,,,,,,,,,
compota 0 pêssego hacendado (g),"40,00 Kcal","0,60 Kcal","10,20 Kcal","0,00 Kcal",,,,,,,,,,,,,,,,,,,,,,,,,,,,,,
cone de baunilha bk (un.),"125,00 Kcal","2,50 Kcal","23,00 Kcal","2,60 Kcal",,,,,,,,,,,,,,,,,,,,,,,,,,,,,,
corn flakes mercadona (g),"373,00 Kcal","6,70 Kcal","82,00 Kcal","1,10 Kcal",,,,,,,,,,,,,,,,,,,,,,,,,,,,,,
Creme de arroz HSN (g),"369,00 Kcal","7,50 Kcal","83,00 Kcal","0,80 Kcal",,,,,,,,,,,,,,,,,,,,,,,,,,,,,,
doce abobora continente equilíbrio (g),"233,00 Kcal","0,70 Kcal","56,20 Kcal","0,20 Kcal",,,,,,,,,,,,,,,,,,,,,,,,,,,,,,
doce morango continente equilíbrio (g),"206,00 Kcal","0,30 Kcal","50,00 Kcal","0,20 Kcal",,,,,,,,,,,,,,,,,,,,,,,,,,,,,,
estrelitas (g),"399,00 Kcal","7,40 Kcal","78,10 Kcal","5,40 Kcal",,,,,,,,,,,,,,,,,,,,,,,,,,,,,,
Fiambre de frango (g),"82,00 Kcal","13,70 Kcal","2,80 Kcal","1,30 Kcal",,,,,,,,,,,,,,,,,,,,,,,,,,,,,,
fiambre de frango continente (g),"90,00 Kcal","11,00 Kcal","7,00 Kcal","2,00 Kcal",,,,,,,,,,,,,,,,,,,,,,,,,,,,,,
Fiambre de frango forno a lenha continente (g),"93,00 Kcal","13,00 Kcal","4,70 Kcal","2,60 Kcal",,,,,,,,,,,,,,,,,,,,,,,,,,,,,,
Fiambre de frango fumadinho Lidl (g),"91,00 Kcal","18,00 Kcal","2,60 Kcal","1,00 Kcal",,,,,,,,,,,,,,,,,,,,,,,,,,,,,,
Fiambre de peru (g),"85,00 Kcal","13,80 Kcal","2,60 Kcal","1,90 Kcal",,,,,,,,,,,,,,,,,,,,,,,,,,,,,,
fruta (un.),"51,00 Kcal","0,50 Kcal","11,00 Kcal","0,20 Kcal",,,,,,,,,,,,,,,,,,,,,,,,,,,,,,
frutinha 4 frutos nestlé (un.),"63,90 Kcal","0,72 Kcal","13,95 Kcal","0,18 Kcal",,,,,,,,,,,,,,,,,,,,,,,,,,,,,,
frutinha frutos variados bledina (un.),"50,00 Kcal","0,30 Kcal","11,10 Kcal","0,10 Kcal",,,,,,,,,,,,,,,,,,,,,,,,,,,,,,
frutinha maça e pera bledina (un.),"47,50 Kcal","0,33 Kcal","10,07 Kcal","0,18 Kcal",,,,,,,,,,,,,,,,,,,,,,,,,,,,,,
frutinha multigfrutos Nestlé (un.),"65,70 Kcal","0,72 Kcal","14,40 Kcal","0,18 Kcal",,,,,,,,,,,,,,,,,,,,,,,,,,,,,,
Frutos vermelhos aldi (g),"40,00 Kcal","0,50 Kcal","8,50 Kcal","0,50 Kcal",,,,,,,,,,,,,,,,,,,,,,,,,,,,,,
Frutos vermelhos Lidl (g),"51,00 Kcal","0,80 Kcal","9,10 Kcal","0,20 Kcal",,,,,,,,,,,,,,,,,,,,,,,,,,,,,,
Gelado baunilha continente equilibrio (g),"114,00 Kcal","3,50 Kcal","19,00 Kcal","4,90 Kcal",,,,,,,,,,,,,,,,,,,,,,,,,,,,,,
Gelado caramelo go active (g),"137,00 Kcal","11,00 Kcal","12,00 Kcal","5,00 Kcal",,,,,,,,,,,,,,,,,,,,,,,,,,,,,,
Gelatina 0 continente ananas (un.),"8,00 Kcal","1,80 Kcal","0,30 Kcal","0,00 Kcal",,,,,,,,,,,,,,,,,,,,,,,,,,,,,,
Gelatina 0 continente manga e maracuja (un.),"10,00 Kcal","1,80 Kcal","0,30 Kcal","0,00 Kcal",,,,,,,,,,,,,,,,,,,,,,,,,,,,,,
Gelatina 0 continente morango (un.),"11,00 Kcal","1,80 Kcal","0,60 Kcal","0,50 Kcal",,,,,,,,,,,,,,,,,,,,,,,,,,,,,,
Gelatina 0 continente tangerina (un.),"8,00 Kcal","1,80 Kcal","0,30 Kcal","0,00 Kcal",,,,,,,,,,,,,,,,,,,,,,,,,,,,,,
Gelatina 0 Lidl ananas (un.),"7,00 Kcal","1,80 Kcal","0,00 Kcal","0,00 Kcal",,,,,,,,,,,,,,,,,,,,,,,,,,,,,,
Gelatina 0 Lidl morango (un.),"7,00 Kcal","1,80 Kcal","0,00 Kcal","0,00 Kcal",,,,,,,,,,,,,,,,,,,,,,,,,,,,,,
Gema de ovo (g),"342,00 Kcal","16,00 Kcal","0,00 Kcal","30,90 Kcal",,,,,,,,,,,,,,,,,,,,,,,,,,,,,,
Goodycao(g),"387,00 Kcal","5,80 Kcal","79,30 Kcal","3,00 Kcal",,,,,,,,,,,,,,,,,,,,,,,,,,,,,,
hamburger un.,"258,00 Kcal","13,00 Kcal","29,00 Kcal","9,00 Kcal",,,,,,,,,,,,,,,,,,,,,,,,,,,,,,
iogurte grego ligeiro continente (g),"55,00 Kcal","5,30 Kcal","3,90 Kcal","2,00 Kcal",,,,,,,,,,,,,,,,,,,,,,,,,,,,,,
iogurte grego light Lidl (g),"58,00 Kcal","6,00 Kcal","4,00 Kcal","2,00 Kcal",,,,,,,,,,,,,,,,,,,,,,,,,,,,,,
Iogurte liquido  magro continente un. Morango,"51,00 Kcal","3,40 Kcal","8,80 Kcal","0,00 Kcal",,,,,,,,,,,,,,,,,,,,,,,,,,,,,,
Iogurte liquido magro continente un. ananas e coco,"57,00 Kcal","3,68 Kcal","9,60 Kcal","0,00 Kcal",,,,,,,,,,,,,,,,,,,,,,,,,,,,,,
Iogurte liquido magro continente un. limao,"53,00 Kcal","3,68 Kcal","9,12 Kcal","0,00 Kcal",,,,,,,,,,,,,,,,,,,,,,,,,,,,,,
Iogurte liquido magro continente un. Manga e papaia,"52,00 Kcal","3,50 Kcal","9,00 Kcal","0,00 Kcal",,,,,,,,,,,,,,,,,,,,,,,,,,,,,,
Iogurte liquido magro continente un. Morango e banana,"55,00 Kcal","4,16 Kcal","9,12 Kcal","0,00 Kcal",,,,,,,,,,,,,,,,,,,,,,,,,,,,,,
iogurte líquido magro Lidl todos sabores (un.),"55,00 Kcal","5,10 Kcal","7,14 Kcal","0,17 Kcal",,,,,,,,,,,,,,,,,,,,,,,,,,,,,,
iogurte natural açúcarado continente (un.),"79,00 Kcal","3,90 Kcal","11,90 Kcal","1,70 Kcal",,,,,,,,,,,,,,,,,,,,,,,,,,,,,,
iogurte proteico lidl coco (un.),"83,75 Kcal","10,38 Kcal","5,13 Kcal","1,88 Kcal",,,,,,,,,,,,,,,,,,,,,,,,,,,,,,
iogurte proteico lidl lima-limao (un.),"68,75 Kcal","10,38 Kcal","5,25 Kcal","0,25 Kcal",,,,,,,,,,,,,,,,,,,,,,,,,,,,,,
iogurte proteico lidl manga (un.),"73,75 Kcal","10,38 Kcal","6,25 Kcal","0,38 Kcal",,,,,,,,,,,,,,,,,,,,,,,,,,,,,,
iogurte proteico lidl morango(un.),"71,25 Kcal","10,38 Kcal","5,63 Kcal","0,38 Kcal",,,,,,,,,,,,,,,,,,,,,,,,,,,,,,
Iogurte solido magro continente un. coco,"47,50 Kcal","5,50 Kcal","6,13 Kcal","0,13 Kcal",,,,,,,,,,,,,,,,,,,,,,,,,,,,,,
Iogurte Yopro Baunilha (un.),"91,00 Kcal","15,20 Kcal","5,80 Kcal","0,20 Kcal",,,,,,,,,,,,,,,,,,,,,,,,,,,,,,
KitKat (un.),"212,00 Kcal","2,80 Kcal","25,10 Kcal","10,90 Kcal",,,,,,,,,,,,,,,,,,,,,,,,,,,,,,
kiwi (g),"60,00 Kcal","1,10 Kcal","10,90 Kcal","0,50 Kcal",,,,,,,,,,,,,,,,,,,,,,,,,,,,,,
laranja (g),"47,00 Kcal","1,10 Kcal","8,90 Kcal","0,20 Kcal",,,,,,,,,,,,,,,,,,,,,,,,,,,,,,
Leite magro continente (ml),"35,00 Kcal","3,50 Kcal","4,80 Kcal","0,10 Kcal",,,,,,,,,,,,,,,,,,,,,,,,,,,,,,
Leite proteina mimosa (ml),"59,00 Kcal","10,00 Kcal","4,40 Kcal","0,20 Kcal",,,,,,,,,,,,,,,,,,,,,,,,,,,,,,
leitinho proteína café azenha (un.),"156,00 Kcal","25,00 Kcal","12,00 Kcal","0,50 Kcal",,,,,,,,,,,,,,,,,,,,,,,,,,,,,,
maça com casca (g),"64,00 Kcal","0,20 Kcal","13,40 Kcal","0,50 Kcal",,,,,,,,,,,,,,,,,,,,,,,,,,,,,,
manteiga de amendoim continente (g),"606,00 Kcal","25,00 Kcal","15,80 Kcal","47,60 Kcal",,,,,,,,,,,,,,,,,,,,,,,,,,,,,,
manteiga de amendoim way up (g),"624,00 Kcal","28,00 Kcal","11,00 Kcal","50,40 Kcal",,,,,,,,,,,,,,,,,,,,,,,,,,,,,,
manteiga magra continente (g),"379,00 Kcal","3,20 Kcal","0,90 Kcal","40,30 Kcal",,,,,,,,,,,,,,,,,,,,,,,,,,,,,,
manteiga magra Lidl (g),"371,00 Kcal","2,80 Kcal","1,40 Kcal","39,30 Kcal",,,,,,,,,,,,,,,,,,,,,,,,,,,,,,
manteiga magra mimosa (g),"379,00 Kcal","0,24 Kcal","3,30 Kcal","41,00 Kcal",,,,,,,,,,,,,,,,,,,,,,,,,,,,,,
Marmelada continente (g),"267,00 Kcal","0,20 Kcal","65,00 Kcal","0,20 Kcal",,,,,,,,,,,,,,,,,,,,,,,,,,,,,,
Marmelada lidl (g),"285,00 Kcal","0,40 Kcal","69,00 Kcal","0,10 Kcal",,,,,,,,,,,,,,,,,,,,,,,,,,,,,,
Mars (un.),"222,00 Kcal","2,25 Kcal","35,00 Kcal","8,00 Kcal",,,,,,,,,,,,,,,,,,,,,,,,,,,,,,
mel continente (g),"334,00 Kcal","0,50 Kcal","82,20 Kcal","0,50 Kcal",,,,,,,,,,,,,,,,,,,,,,,,,,,,,,
Melancia (g),"26,00 Kcal","0,40 Kcal","5,50 Kcal","0,20 Kcal",,,,,,,,,,,,,,,,,,,,,,,,,,,,,,
Melao (g),"30,00 Kcal","0,60 Kcal","5,70 Kcal","0,30 Kcal",,,,,,,,,,,,,,,,,,,,,,,,,,,,,,
milho para pipocas solibom (g),"358,00 Kcal","9,80 Kcal","70,00 Kcal","3,70 Kcal",,,,,,,,,,,,,,,,,,,,,,,,,,,,,,
miolo de caju continente (g),"595,00 Kcal","18,00 Kcal","30,00 Kcal","44,00 Kcal",,,,,,,,,,,,,,,,,,,,,,,,,,,,,,
mix lanches essenciais continente (g),"683,00 Kcal","17,00 Kcal","17,00 Kcal","59,00 Kcal",,,,,,,,,,,,,,,,,,,,,,,,,,,,,,
Morango (g),"34,00 Kcal","0,60 Kcal","5,30 Kcal","0,40 Kcal",,,,,,,,,,,,,,,,,,,,,,,,,,,,,,
nestum de arroz (g),"377,00 Kcal","7,00 Kcal","82,00 Kcal","0,80 Kcal",,,,,,,,,,,,,,,,,,,,,,,,,,,,,,
nestum normal (g),"390,00 Kcal","9,00 Kcal","80,00 Kcal","1,70 Kcal",,,,,,,,,,,,,,,,,,,,,,,,,,,,,,
Nestum pro morango (g),"392,00 Kcal","25,00 Kcal","62,00 Kcal","3,00 Kcal",,,,,,,,,,,,,,,,,,,,,,,,,,,,,,
nutella (g),"539,00 Kcal","6,30 Kcal","57,50 Kcal","30,90 Kcal",,,,,,,,,,,,,,,,,,,,,,,,,,,,,,
ovo (g),"143,00 Kcal","12,60 Kcal","0,50 Kcal","10,10 Kcal",,,,,,,,,,,,,,,,,,,,,,,,,,,,,,
pao BIO integral Lidl (g),"186,00 Kcal","4,20 Kcal","34,60 Kcal","1,20 Kcal",,,,,,,,,,,,,,,,,,,,,,,,,,,,,,
pao de forma 15 cereais lidl (g),"306,00 Kcal","12,20 Kcal","47,70 Kcal","7,30 Kcal",,,,,,,,,,,,,,,,,,,,,,,,,,,,,,
pao de forma integra sem côdea continente (g),"217,00 Kcal","8,70 Kcal","35,80 Kcal","3,00 Kcal",,,,,,,,,,,,,,,,,,,,,,,,,,,,,,
Pao de forma integral continente (g),"210,00 Kcal","9,50 Kcal","33,00 Kcal","2,80 Kcal",,,,,,,,,,,,,,,,,,,,,,,,,,,,,,
pao de forma integral Lidl (g),"243,00 Kcal","9,40 Kcal","42,00 Kcal","2,90 Kcal",,,,,,,,,,,,,,,,,,,,,,,,,,,,,,
Pao de forma integral Mercadona(g),"238,00 Kcal","11,00 Kcal","37,00 Kcal","3,50 Kcal",,,,,,,,,,,,,,,,,,,,,,,,,,,,,,
pera (g),"47,00 Kcal","0,30 Kcal","9,40 Kcal","0,40 Kcal",,,,,,,,,,,,,,,,,,,,,,,,,,,,,,
pêssego (g),"44,00 Kcal","0,60 Kcal","8,10 Kcal","0,30 Kcal",,,,,,,,,,,,,,,,,,,,,,,,,,,,,,
piripiri Mercadona (g),"14,00 Kcal","0,60 Kcal","0,70 Kcal","0,70 Kcal",,,,,,,,,,,,,,,,,,,,,,,,,,,,,,
pizza (un.),"850,00 Kcal","36,80 Kcal","89,20 Kcal","32,90 Kcal",,,,,,,,,,,,,,,,,,,,,,,,,,,,,,
pudim flan continente (un.),"99,00 Kcal","2,40 Kcal","18,50 Kcal","1,70 Kcal",,,,,,,,,,,,,,,,,,,,,,,,,,,,,,
pudim flan lidl (un.),"101,00 Kcal","2,50 Kcal","20,90 Kcal","0,90 Kcal",,,,,,,,,,,,,,,,,,,,,,,,,,,,,,
pudim flan proteína Mercadona (un.),"62,00 Kcal","10,00 Kcal","5,90 Kcal","0,20 Kcal",,,,,,,,,,,,,,,,,,,,,,,,,,,,,,
pudim proteína côco Lidl (un.),"154,00 Kcal","20,00 Kcal","11,40 Kcal","3,00 Kcal",,,,,,,,,,,,,,,,,,,,,,,,,,,,,,
Pudim proteina continente baunilha (un.),"174,00 Kcal","20,00 Kcal","14,10 Kcal","3,70 Kcal",,,,,,,,,,,,,,,,,,,,,,,,,,,,,,
Pudim proteína continente caramelo (un.),"149,00 Kcal","18,40 Kcal","12,70 Kcal","2,60 Kcal",,,,,,,,,,,,,,,,,,,,,,,,,,,,,,
Pudim proteina continente chocolate (un.),"174,00 Kcal","20,00 Kcal","14,10 Kcal","3,70 Kcal",,,,,,,,,,,,,,,,,,,,,,,,,,,,,,
Pudim proteina lidl baunilha (un.),"150,00 Kcal","20,00 Kcal","10,40 Kcal","3,00 Kcal",,,,,,,,,,,,,,,,,,,,,,,,,,,,,,
Pudim proteina lidl chocolate (un.),"152,00 Kcal","20,00 Kcal","10,40 Kcal","3,00 Kcal",,,,,,,,,,,,,,,,,,,,,,,,,,,,,,
quark proteína lidl framboesa (un.),"140,00 Kcal","25,00 Kcal","7,20 Kcal","1,00 Kcal",,,,,,,,,,,,,,,,,,,,,,,,,,,,,,
quark proteína lidl morango (un.),"136,00 Kcal","24,60 Kcal","7,00 Kcal","1,00 Kcal",,,,,,,,,,,,,,,,,,,,,,,,,,,,,,
quark proteína lidl pêssego (un.),"138,00 Kcal","24,60 Kcal","7,40 Kcal","1,00 Kcal",,,,,,,,,,,,,,,,,,,,,,,,,,,,,,
Queijinhos cremosos continente (un.),"32,20 Kcal","1,28 Kcal","1,24 Kcal","2,45 Kcal",,,,,,,,,,,,,,,,,,,,,,,,,,,,,,
queijinhos triângulo Mercadona (un.),"23,00 Kcal","1,80 Kcal","0,90 Kcal","1,40 Kcal",,,,,,,,,,,,,,,,,,,,,,,,,,,,,,
queijo brie marcillat (g),"347,00 Kcal","17,00 Kcal","0,00 Kcal","31,00 Kcal",,,,,,,,,,,,,,,,,,,,,,,,,,,,,,
Queijo cottage light Lidl (g),"70,00 Kcal","12,50 Kcal","3,10 Kcal","0,80 Kcal",,,,,,,,,,,,,,,,,,,,,,,,,,,,,,
Queijo de barra magro agros(g),"252,00 Kcal","28,00 Kcal","0,00 Kcal","15,00 Kcal",,,,,,,,,,,,,,,,,,,,,,,,,,,,,,
Queijo de barra magro continente (g),"275,00 Kcal","26,00 Kcal","2,20 Kcal","18,00 Kcal",,,,,,,,,,,,,,,,,,,,,,,,,,,,,,
Queijo de barra magro milhafre (g),"255,00 Kcal","31,00 Kcal","0,00 Kcal","14,00 Kcal",,,,,,,,,,,,,,,,,,,,,,,,,,,,,,
Queijo de barra magro terra do vento (g),"265,00 Kcal","29,00 Kcal","0,50 Kcal","15,00 Kcal",,,,,,,,,,,,,,,,,,,,,,,,,,,,,,
Queijo de barra magro terra nostra (g),"224,00 Kcal","26,50 Kcal","0,30 Kcal","13,00 Kcal",,,,,,,,,,,,,,,,,,,,,,,,,,,,,,
queijo de bola magro continente (g),"302,00 Kcal","26,00 Kcal","12,40 Kcal","21,20 Kcal",,,,,,,,,,,,,,,,,,,,,,,,,,,,,,
snack wrap™ mayo un.,"314,00 Kcal","11,00 Kcal","32,00 Kcal","15,00 Kcal",,,,,,,,,,,,,,,,,,,,,,,,,,,,,,
snickers (un.),"245,00 Kcal","4,30 Kcal","30,00 Kcal","12,00 Kcal",,,,,,,,,,,,,,,,,,,,,,,,,,,,,,
sopa courgette Mercadona (un.),"81,00 Kcal","1,75 Kcal","6,65 Kcal","4,90 Kcal",,,,,,,,,,,,,,,,,,,,,,,,,,,,,,
sticks açúcar azenha (un.),"2,00 Kcal","0,00 Kcal","0,50 Kcal","0,00 Kcal",,,,,,,,,,,,,,,,,,,,,,,,,,,,,,
sumi pêssego e uva continente equilíbrio (g),"47,00 Kcal","0,40 Kcal","11,00 Kcal","0,00 Kcal",,,,,,,,,,,,,,,,,,,,,,,,,,,,,,
sumo de limao espremido (g),"25,00 Kcal","0,30 Kcal","1,50 Kcal","0,00 Kcal",,,,,,,,,,,,,,,,,,,,,,,,,,,,,,
tortitas arroz integral continente (g),"388,00 Kcal","9,40 Kcal","79,00 Kcal","3,00 Kcal",,,,,,,,,,,,,,,,,,,,,,,,,,,,,,
tortitas arroz integral gullon (un.),"28,00 Kcal","0,60 Kcal","5,70 Kcal","0,20 Kcal",,,,,,,,,,,,,,,,,,,,,,,,,,,,,,
tortitas arroz lidl (g),"386,00 Kcal","7,60 Kcal","78,80 Kcal","3,50 Kcal",,,,,,,,,,,,,,,,,,,,,,,,,,,,,,
tortitas arroz s/sal continentes (g),"383,00 Kcal","8,40 Kcal","79,00 Kcal","3,20 Kcal",,,,,,,,,,,,,,,,,,,,,,,,,,,,,,
tortitas c/ chocolate e framboesa gullon azenha (un.),"58,00 Kcal","0,80 Kcal","9,30 Kcal","1,10 Kcal",,,,,,,,,,,,,,,,,,,,,,,,,,,,,,
tortitas c/ chocolate gullon azenha (un.),"60,00 Kcal","0,90 Kcal","8,40 Kcal","2,40 Kcal",,,,,,,,,,,,,,,,,,,,,,,,,,,,,,
tortitas de milho continente (g),"378,00 Kcal","7,20 Kcal","84,00 Kcal","0,90 Kcal",,,,,,,,,,,,,,,,,,,,,,,,,,,,,,
tortura (un.),"84,00 Kcal","1,40 Kcal","12,00 Kcal","3,40 Kcal",,,,,,,,,,,,,,,,,,,,,,,,,,,,,,
tremoços baresa (g),"115,00 Kcal","12,00 Kcal","4,20 Kcal","3,50 Kcal",,,,,,,,,,,,,,,,,,,,,,,,,,,,,,
Twix branco (un.),"231,38 Kcal","2,25 Kcal","29,30 Kcal","11,59 Kcal",,,,,,,,,,,,,,,,,,,,,,,,,,,,,,
uva branca (g),"78,00 Kcal","0,30 Kcal","17,30 Kcal","0,50 Kcal",,,,,,,,,,,,,,,,,,,,,,,,,,,,,,
Vaca que ri light un.,"22,66 Kcal","1,72 Kcal","0,94 Kcal","1,33 Kcal",,,,,,,,,,,,,,,,,,,,,,,,,,,,,,
Weetabix (un.),"68,00 Kcal","2,25 Kcal","13,00 Kcal","0,40 Kcal",,,,,,,,,,,,,,,,,,,,,,,,,,,,,,
billion próximos branco (g),"459,00 Kcal","26,00 Kcal","35,00 Kcal","24,00 Kcal",,,,,,,,,,,,,,,,,,,,,,,,,,,,,,
chocolate extrafino Nestlé (g),"538,00 Kcal","6,30 Kcal","58,90 Kcal","30,30 Kcal",,,,,,,,,,,,,,,,,,,,,,,,,,,,,,
frutinha maçã banana e morango Nestlé (g),"53,10 Kcal","0,45 Kcal","11,00 Kcal","0,45 Kcal",,,,,,,,,,,,,,,,,,,,,,,,,,,,,,
argolinhas continente (g),"510,00 Kcal","6,00 Kcal","64,00 Kcal","25,00 Kcal",,,,,,,,,,,,,,,,,,,,,,,,,,,,,,
chocolate continente sem açúcar (g),"485,00 Kcal","8,50 Kcal","48,50 Kcal","31,90 Kcal",,,,,,,,,,,,,,,,,,,,,,,,,,,,,,
werther's s/açúcar (un.),"9,00 Kcal","0,20 Kcal","2,80 Kcal","0,30 Kcal",,,,,,,,,,,,,,,,,,,,,,,,,,,,,,
gelado continente + proteina caramelo (un.),"371,25 Kcal","30,25 Kcal","31,90 Kcal","13,75 Kcal",,,,,,,,,,,,,,,,,,,,,,,,,,,,,,
queijo fresco continente (un.),"63,00 Kcal","6,88 Kcal","3,06 Kcal","2,50 Kcal",,,,,,,,,,,,,,,,,,,,,,,,,,,,,,
frutinha maçã e banana bledina (un.),"54,00 Kcal","0,30 Kcal","12,30 Kcal","0,20 Kcal",,,,,,,,,,,,,,,,,,,,,,,,,,,,,,
barrita bilion chocolate branco (g),"459,00 Kcal","26,00 Kcal","35,00 Kcal","24,00 Kcal",,,,,,,,,,,,,,,,,,,,,,,,,,,,,,
solero exótico (un.),"98,00 Kcal","1,00 Kcal","20,00 Kcal","1,00 Kcal",,,,,,,,,,,,,,,,,,,,,,,,,,,,,,
chocolate leite continente (g),"548,00 Kcal","5,70 Kcal","56,00 Kcal","33,00 Kcal",,,,,,,,,,,,,,,,,,,,,,,,,,,,,,
chocolate branco continente (g),"561,00 Kcal","6,50 Kcal","55,00 Kcal","8,80 Kcal",,,,,,,,,,,,,,,,,,,,,,,,,,,,,,
crunchy muesli continente (g),"471,00 Kcal","9,70 Kcal","58,40 Kcal","20,40 Kcal",,,,,,,,,,,,,,,,,,,,,,,,,,,,,,
Kinder Bueno branco (un.),"222,00 Kcal","3,40 Kcal","20,60 Kcal","14,00 Kcal",,,,,,,,,,,,,,,,,,,,,,,,,,,,,,
Nada,"0,00 Kcal","0,00 Kcal","0,00 Kcal","0,00 Kcal",,,,,,,,,,,,,,,,,,,,,,,,,,,,,,
atum lata bolina,"110,00 Kcal","25,00 Kcal","0,50 Kcal","0,80 Kcal",,,,,,,,,,,,,,,,,,,,,,,,,,,,,,
Atum lata tritão,"106,00 Kcal","25,00 Kcal","0,00 Kcal","0,70 Kcal",,,,,,,,,,,,,,,,,,,,,,,,,,,,,,
"ovo de galinha inteiro, cru","143,00 Kcal","12,60 Kcal","0,50 Kcal","10,10 Kcal",,,,,,,,,,,,,,,,,,,,,,,,,,,,,,
"ovo de galinha, cozido","149,00 Kcal","13,00 Kcal","0,00 Kcal","10,80 Kcal",,,,,,,,,,,,,,,,,,,,,,,,,,,,,,
"peito de frango sem pele, cru","108,00 Kcal","24,10 Kcal","0,00 Kcal","1,20 Kcal",,,,,,,,,,,,,,,,,,,,,,,,,,,,,,
"peito de peru sem pele, cru","105,00 Kcal","23,40 Kcal","0,00 Kcal","1,30 Kcal",,,,,,,,,,,,,,,,,,,,,,,,,,,,,,
pescada cozida (valor médio),"109,00 Kcal","19,20 Kcal","0,00 Kcal","3,60 Kcal",,,,,,,,,,,,,,,,,,,,,,,,,,,,,,
salmão cru,"262,00 Kcal","16,20 Kcal","0,00 Kcal","21,90 Kcal",,,,,,,,,,,,,,,,,,,,,,,,,,,,,,
salmão grelhado,"309,00 Kcal","23,80 Kcal","0,00 Kcal","23,70 Kcal",,,,,,,,,,,,,,,,,,,,,,,,,,,,,,
Nada,"0,00 Kcal","0,00 Kcal","0,00 Kcal","0,00 Kcal",,,,,,,,,,,,,,,,,,,,,,,,,,,,,,
Arroz agulha cru continente,"349,00 Kcal","7,90 Kcal","76,00 Kcal","1,30 Kcal",,,,,,,,,,,,,,,,,,,,,,,,,,,,,,
arroz vaporizado cigala,"354,00 Kcal","7,50 Kcal","78,00 Kcal","1,00 Kcal",,,,,,,,,,,,,,,,,,,,,,,,,,,,,,
arroz vaporizado continente ,"355,00 Kcal","7,50 Kcal","78,00 Kcal","1,00 Kcal",,,,,,,,,,,,,,,,,,,,,,,,,,,,,,
Arroz vaporizado Lidl ,"350,00 Kcal","7,40 Kcal","76,90 Kcal","1,20 Kcal",,,,,,,,,,,,,,,,,,,,,,,,,,,,,,
batata cozida,"87,00 Kcal","2,40 Kcal","18,50 Kcal","0,00 Kcal",,,,,,,,,,,,,,,,,,,,,,,,,,,,,,
batata crua,"90,00 Kcal","2,50 Kcal","19,20 Kcal","0,00 Kcal",,,,,,,,,,,,,,,,,,,,,,,,,,,,,,
esparguete cozido,"102,00 Kcal","3,40 Kcal","19,90 Kcal","0,60 Kcal",,,,,,,,,,,,,,,,,,,,,,,,,,,,,,
esparguete cru,"360,00 Kcal","12,10 Kcal","71,10 Kcal","1,90 Kcal",,,,,,,,,,,,,,,,,,,,,,,,,,,,,,
Nada,"0,00 Kcal","0,00 Kcal","0,00 Kcal","0,00 Kcal",,,,,,,,,,,,,,,,,,,,,,,,,,,,,,
alface,"15,00 Kcal","1,80 Kcal","0,80 Kcal","0,20 Kcal",,,,,,,,,,,,,,,,,,,,,,,,,,,,,,
brocolos cozidos,"27,00 Kcal","2,80 Kcal","1,30 Kcal","0,70 Kcal",,,,,,,,,,,,,,,,,,,,,,,,,,,,,,
brocolos crus,"32,00 Kcal","3,40 Kcal","1,50 Kcal","0,80 Kcal",,,,,,,,,,,,,,,,,,,,,,,,,,,,,,
broculos congelados continente ,"24,00 Kcal","1,90 Kcal","2,50 Kcal","0,50 Kcal",,,,,,,,,,,,,,,,,,,,,,,,,,,,,,
broculos congelados lidl,"34,00 Kcal","2,40 Kcal","3,50 Kcal","0,50 Kcal",,,,,,,,,,,,,,,,,,,,,,,,,,,,,,
cenoura cozida,"23,00 Kcal","0,70 Kcal","3,60 Kcal","0,00 Kcal",,,,,,,,,,,,,,,,,,,,,,,,,,,,,,
cenoura crua,"25,00 Kcal","0,60 Kcal","4,40 Kcal","0,00 Kcal",,,,,,,,,,,,,,,,,,,,,,,,,,,,,,
feijão verde congelado continente ,"34,00 Kcal","1,80 Kcal","4,40 Kcal","0,10 Kcal",,,,,,,,,,,,,,,,,,,,,,,,,,,,,,
mix oriental continente ,"23,00 Kcal","1,10 Kcal","3,20 Kcal","0,20 Kcal",,,,,,,,,,,,,,,,,,,,,,,,,,,,,,
Nada,"0,00 Kcal","0,00 Kcal","0,00 Kcal","0,00 Kcal",,,,,,,,,,,,,,,,,,,,,,,,,,,,,,
cebola (g),"20,00 Kcal","0,90 Kcal","3,10 Kcal","0,20 Kcal",,,,,,,,,,,,,,,,,,,,,,,,,,,,,,
alho-francês (g),"26,00 Kcal","1,80 Kcal","2,90 Kcal","0,30 Kcal",,,,,,,,,,,,,,,,,,,,,,,,,,,,,,
nabo (g),"21,00 Kcal","0,40 Kcal","3,00 Kcal","0,40 Kcal",,,,,,,,,,,,,,,,,,,,,,,,,,,,,,
cenoura (g),"25,00 Kcal","0,60 Kcal","4,40 Kcal","0,00 Kcal",,,,,,,,,,,,,,,,,,,,,,,,,,,,,,
curgete (g),"19,00 Kcal","1,60 Kcal","2,00 Kcal","0,30 Kcal",,,,,,,,,,,,,,,,,,,,,,,,,,,,,,
Knor (un.),"26,90 Kcal","1,40 Kcal","0,77 Kcal","2,20 Kcal",,,,,,,,,,,,,,,,,,,,,,,,,,,,,,
Sal (g),"0,00 Kcal","0,00 Kcal","0,00 Kcal","0,00 Kcal",,,,,,,,,,,,,,,,,,,,,,,,,,,,,,
Alface (g),"15,00 Kcal","1,80 Kcal","0,80 Kcal","0,20 Kcal",,,,,,,,,,,,,,,,,,,,,,,,,,,,,,
Nada,"0,00 Kcal","0,00 Kcal","0,00 Kcal","0,00 Kcal",,,,,,,,,,,,,,,,,,,,,,,,,,,,,,
alho cru,"72,00 Kcal","3,80 Kcal","11,30 Kcal","0,60 Kcal",,,,,,,,,,,,,,,,,,,,,,,,,,,,,,
Manteiga magra continente,"381,00 Kcal","2,70 Kcal","1,00 Kcal","41,00 Kcal",,,,,,,,,,,,,,,,,,,,,,,,,,,,,,
Polpa alho e cebola,"46,00 Kcal","1,80 Kcal","7,70 Kcal","0,50 Kcal",,,,,,,,,,,,,,,,,,,,,,,,,,,,,,